{
  "classic (search+execute)": {
    "success": 1.0,
    "llm_calls": 3.272727272727273,
    "raw": 5763.727272727273,
    "eff": 4695.50909090909,
    "tool_calls": 3.090909090909091,
    "max_fanout": 6,
    "snippets": 0,
    "shim_saves": 0,
    "import_tries": 0,
    "no_result": 0
  },
  "code 0.7 (as shipped)": {
    "success": 1.0,
    "llm_calls": 4.7272727272727275,
    "raw": 6474.454545454545,
    "eff": 5406.236363636363,
    "tool_calls": 3.8181818181818183,
    "max_fanout": 2,
    "snippets": 29,
    "shim_saves": 0,
    "import_tries": 1,
    "no_result": 0
  },
  "code 0.8 (as shipped)": {
    "success": 1.0,
    "llm_calls": 3.6363636363636362,
    "raw": 7847.090909090909,
    "eff": 4768.109090909091,
    "tool_calls": 3.1818181818181817,
    "max_fanout": 6,
    "snippets": 2,
    "shim_saves": 0,
    "import_tries": 0,
    "no_result": 0
  }
}